x,output,timestamp
vyhledej presne v jake datum a jaky cas je registrace predmetu na podzim 2025 na Masarykove univerzite fakutly informatiky,"Bohužel, v oficiálních dokumentech nápovědy IS MU nenajdu přesné datum a čas otevření registrace předmětů na podzim 2025 pro fakultu informatiku. 

Informace o termínu registrace se obvykle zveřejňují na webových stránkách fakulty informatiky a v IS MU včas. Doporučuji sledovat následující zdroje:

* **Webové stránky Fakulty informatiky MU:** [https://www.fi.muni.cz/](https://www.fi.muni.cz/) – Pravidelně zde publikují aktuální informace.
* **IS MU:** [https://is.muni.cz/](https://is.muni.cz/) – Sledujte sekce s rozvrhy a termíny.
* **Sociální sítě fakulty:** Informace bývají sdíleny i na Facebooku, Twitteru apod.

Je mi líto, že ti nemohu poskytnout konkrétnější odpověď. Sledujte výše uvedené zdroje, ať už neustále aktualizované informace.
",2025-06-04 17:44:02.676283
